{
  "timestamp": "2025-08-20T20:56:44.209536",
  "system_info": {
    "cpu_count": 12,
    "memory_total": 16989204480,
    "memory_available": 2075770880,
    "disk_usage": 74.3
  },
  "health_endpoint": {
    "endpoint": "/api/health",
    "method": "GET",
    "iterations": 20,
    "successful_requests": 20,
    "failed_requests": 0,
    "errors": [],
    "response_times": {
      "min": 2026.550531387329,
      "max": 2093.299150466919,
      "mean": 2070.9216356277466,
      "median": 2072.964310646057,
      "std_dev": 14.032004038788953
    },
    "status_codes": [
      200,
      200,
      200,
      200,
      200,
      200,
      200,
      200,
      200,
      200,
      200,
      200,
      200,
      200,
      200,
      200,
      200,
      200,
      200,
      200
    ],
    "success_rate": 100.0
  },
  "authentication": {
    "registration": {
      "endpoint": "/api/auth/register",
      "method": "POST",
      "iterations": 10,
      "successful_requests": 10,
      "failed_requests": 0,
      "errors": [],
      "response_times": {
        "min": 2058.720111846924,
        "max": 2089.3988609313965,
        "mean": 2076.4127492904663,
        "median": 2076.701045036316,
        "std_dev": 9.63286437156195
      },
      "status_codes": [
        201,
        201,
        201,
        201,
        201,
        201,
        201,
        201,
        201,
        201
      ],
      "success_rate": 100.0
    },
    "login": {
      "endpoint": "/api/auth/login",
      "method": "POST",
      "iterations": 10,
      "successful_requests": 10,
      "failed_requests": 0,
      "errors": [],
      "response_times": {
        "min": 2046.215295791626,
        "max": 2080.0271034240723,
        "mean": 2063.1516218185425,
        "median": 2060.9066486358643,
        "std_dev": 10.433199721702772
      },
      "status_codes": [
        200,
        200,
        200,
        200,
        200,
        200,
        200,
        200,
        200,
        200
      ],
      "success_rate": 100.0
    }
  },
  "scanning": {
    "small": {
      "endpoint": "/api/scan",
      "method": "POST",
      "iterations": 5,
      "successful_requests": 5,
      "failed_requests": 0,
      "errors": [],
      "response_times": {
        "min": 2115.9932613372803,
        "max": 2151.792049407959,
        "mean": 2132.4522018432617,
        "median": 2136.9333267211914,
        "std_dev": 14.863579423297006
      },
      "status_codes": [
        200,
        200,
        200,
        200,
        200
      ],
      "success_rate": 100.0
    },
    "medium": {
      "endpoint": "/api/scan",
      "method": "POST",
      "iterations": 5,
      "successful_requests": 5,
      "failed_requests": 0,
      "errors": [],
      "response_times": {
        "min": 2121.7029094696045,
        "max": 2145.723342895508,
        "mean": 2132.9238414764404,
        "median": 2135.783910751343,
        "std_dev": 10.011874506331955
      },
      "status_codes": [
        200,
        200,
        200,
        200,
        200
      ],
      "success_rate": 100.0
    },
    "large": {
      "endpoint": "/api/scan",
      "method": "POST",
      "iterations": 5,
      "successful_requests": 5,
      "failed_requests": 0,
      "errors": [],
      "response_times": {
        "min": 2095.2987670898438,
        "max": 2151.8547534942627,
        "mean": 2125.1585960388184,
        "median": 2122.6770877838135,
        "std_dev": 24.572579125736556
      },
      "status_codes": [
        200,
        200,
        200,
        200,
        200
      ],
      "success_rate": 100.0
    }
  },
  "analytics": {
    "basic_analytics": {
      "endpoint": "/api/analytics",
      "method": "GET",
      "iterations": 5,
      "successful_requests": 5,
      "failed_requests": 0,
      "errors": [],
      "response_times": {
        "min": 2062.4635219573975,
        "max": 2092.831611633301,
        "mean": 2074.5813846588135,
        "median": 2073.091506958008,
        "std_dev": 12.108207385670104
      },
      "status_codes": [
        401,
        401,
        401,
        401,
        401
      ],
      "success_rate": 100.0
    },
    "analytics_export": {
      "endpoint": "/api/analytics/export",
      "method": "GET",
      "iterations": 3,
      "successful_requests": 3,
      "failed_requests": 0,
      "errors": [],
      "response_times": {
        "min": 2065.251111984253,
        "max": 2089.0400409698486,
        "mean": 2079.1964530944824,
        "median": 2083.2982063293457,
        "std_dev": 12.413563963270677
      },
      "status_codes": [
        401,
        401,
        401
      ],
      "success_rate": 100.0
    }
  },
  "concurrent_requests": {
    "5_concurrent": {
      "concurrency_level": 5,
      "total_requests": 5,
      "successful_requests": 5,
      "failed_requests": 0,
      "success_rate": 100.0,
      "total_time_ms": 2108.3192825317383,
      "requests_per_second": 2.371557307010842,
      "response_times": {
        "min": 2099.32279586792,
        "max": 2106.320381164551,
        "mean": 2103.1057357788086,
        "median": 2103.283166885376
      },
      "responses": [
        {
          "request_id": 4,
          "response_time": 2099.32279586792,
          "status_code": 200,
          "success": true
        },
        {
          "request_id": 3,
          "response_time": 2101.3221740722656,
          "status_code": 200,
          "success": true
        },
        {
          "request_id": 0,
          "response_time": 2106.320381164551,
          "status_code": 200,
          "success": true
        },
        {
          "request_id": 2,
          "response_time": 2103.283166885376,
          "status_code": 200,
          "success": true
        },
        {
          "request_id": 1,
          "response_time": 2105.2801609039307,
          "status_code": 200,
          "success": true
        }
      ]
    },
    "10_concurrent": {
      "concurrency_level": 10,
      "total_requests": 10,
      "successful_requests": 10,
      "failed_requests": 0,
      "success_rate": 100.0,
      "total_time_ms": 2136.569023132324,
      "requests_per_second": 4.68040109714755,
      "response_times": {
        "min": 2107.5756549835205,
        "max": 2131.5739154815674,
        "mean": 2120.47221660614,
        "median": 2122.0699548721313
      },
      "responses": [
        {
          "request_id": 8,
          "response_time": 2107.5756549835205,
          "status_code": 200,
          "success": true
        },
        {
          "request_id": 0,
          "response_time": 2122.570753097534,
          "status_code": 200,
          "success": true
        },
        {
          "request_id": 2,
          "response_time": 2121.5691566467285,
          "status_code": 200,
          "success": true
        },
        {
          "request_id": 5,
          "response_time": 2115.5710220336914,
          "status_code": 200,
          "success": true
        },
        {
          "request_id": 9,
          "response_time": 2109.574794769287,
          "status_code": 200,
          "success": true
        },
        {
          "request_id": 7,
          "response_time": 2114.5732402801514,
          "status_code": 200,
          "success": true
        },
        {
          "request_id": 1,
          "response_time": 2125.570774078369,
          "status_code": 200,
          "success": true
        },
        {
          "request_id": 3,
          "response_time": 2131.5739154815674,
          "status_code": 200,
          "success": true
        },
        {
          "request_id": 6,
          "response_time": 2125.5722045898438,
          "status_code": 200,
          "success": true
        },
        {
          "request_id": 4,
          "response_time": 2130.570650100708,
          "status_code": 200,
          "success": true
        }
      ]
    },
    "20_concurrent": {
      "concurrency_level": 20,